rast_id,xmin,xmax,ymin,ymax
/vsicurl/https://landcoverdata.blob.core.windows.net/drcog-lulc/2020/DRCOG_2020_LULC_E3250000_N1750000.tif?st=2025-09-30T18%3A57%3A44Z&se=2025-10-01T19%3A42%3A44Z&sp=rl&sv=2025-07-05&sr=c&skoid=9c8ff44a-6a2c-4dfb-b298-1c9212f64d9a&sktid=72f988bf-86f1-41af-91ab-2d7cd011db47&skt=2025-10-01T12%3A59%3A31Z&ske=2025-10-08T12%3A59%3A31Z&sks=b&skv=2025-07-05&sig=lk1Ev5yaSshrjdAGUUWEx3x9ZEUNIn2nvgalPj6%2BwIA%3D,-104.60911443632786,-104.57311783525661,39.88892452164956,39.91664825692654
/vsicurl/https://landcoverdata.blob.core.windows.net/drcog-lulc/2020/DRCOG_2020_LULC_E3250000_N1740000.tif?st=2025-09-30T18%3A57%3A44Z&se=2025-10-01T19%3A42%3A44Z&sp=rl&sv=2025-07-05&sr=c&skoid=9c8ff44a-6a2c-4dfb-b298-1c9212f64d9a&sktid=72f988bf-86f1-41af-91ab-2d7cd011db47&skt=2025-10-01T12%3A59%3A31Z&ske=2025-10-08T12%3A59%3A31Z&sks=b&skv=2025-07-05&sig=lk1Ev5yaSshrjdAGUUWEx3x9ZEUNIn2nvgalPj6%2BwIA%3D,-104.60946374795452,-104.57348140160637,39.86147515260282,39.88919909587529
/vsicurl/https://landcoverdata.blob.core.windows.net/drcog-lulc/2020/DRCOG_2020_LULC_E3240000_N1750000.tif?st=2025-09-30T18%3A57%3A44Z&se=2025-10-01T19%3A42%3A44Z&sp=rl&sv=2025-07-05&sr=c&skoid=9c8ff44a-6a2c-4dfb-b298-1c9212f64d9a&sktid=72f988bf-86f1-41af-91ab-2d7cd011db47&skt=2025-10-01T12%3A59%3A31Z&ske=2025-10-08T12%3A59%3A31Z&sks=b&skv=2025-07-05&sig=lk1Ev5yaSshrjdAGUUWEx3x9ZEUNIn2nvgalPj6%2BwIA%3D,-104.64474774518203,-104.60876485056843,39.88919909587529,39.916912165000134
/vsicurl/https://landcoverdata.blob.core.windows.net/drcog-lulc/2020/DRCOG_2020_LULC_E3240000_N1740000.tif?st=2025-09-30T18%3A57%3A44Z&se=2025-10-01T19%3A42%3A44Z&sp=rl&sv=2025-07-05&sr=c&skoid=9c8ff44a-6a2c-4dfb-b298-1c9212f64d9a&sktid=72f988bf-86f1-41af-91ab-2d7cd011db47&skt=2025-10-01T12%3A59%3A31Z&ske=2025-10-08T12%3A59%3A31Z&sks=b&skv=2025-07-05&sig=lk1Ev5yaSshrjdAGUUWEx3x9ZEUNIn2nvgalPj6%2BwIA%3D,-104.64508308685689,-104.60911443632786,39.86174962225616,39.88946290345915
/vsicurl/https://landcoverdata.blob.core.windows.net/drcog-lulc/2020/DRCOG_2020_LULC_E3240000_N1730000.tif?st=2025-09-30T18%3A57%3A44Z&se=2025-10-01T19%3A42%3A44Z&sp=rl&sv=2025-07-05&sr=c&skoid=9c8ff44a-6a2c-4dfb-b298-1c9212f64d9a&sktid=72f988bf-86f1-41af-91ab-2d7cd011db47&skt=2025-10-01T12%3A59%3A31Z&ske=2025-10-08T12%3A59%3A31Z&sks=b&skv=2025-07-05&sig=lk1Ev5yaSshrjdAGUUWEx3x9ZEUNIn2nvgalPj6%2BwIA%3D,-104.64541816566978,-104.60946374795452,39.83429984243353,39.86201332936796
/vsicurl/https://landcoverdata.blob.core.windows.net/drcog-lulc/2020/DRCOG_2020_LULC_E3240000_N1720000.tif?st=2025-09-30T18%3A57%3A44Z&se=2025-10-01T19%3A42%3A44Z&sp=rl&sv=2025-07-05&sr=c&skoid=9c8ff44a-6a2c-4dfb-b298-1c9212f64d9a&sktid=72f988bf-86f1-41af-91ab-2d7cd011db47&skt=2025-10-01T12%3A59%3A31Z&ske=2025-10-08T12%3A59%3A31Z&sks=b&skv=2025-07-05&sig=lk1Ev5yaSshrjdAGUUWEx3x9ZEUNIn2nvgalPj6%2BwIA%3D,-104.64575298192965,-104.60981278577074,39.806849762769815,39.83456344909093
/vsicurl/https://landcoverdata.blob.core.windows.net/drcog-lulc/2020/DRCOG_2020_LULC_E3230000_N1750000.tif?st=2025-09-30T18%3A57%3A44Z&se=2025-10-01T19%3A42%3A44Z&sp=rl&sv=2025-07-05&sr=c&skoid=9c8ff44a-6a2c-4dfb-b298-1c9212f64d9a&sktid=72f988bf-86f1-41af-91ab-2d7cd011db47&skt=2025-10-01T12%3A59%3A31Z&ske=2025-10-08T12%3A59%3A31Z&sks=b&skv=2025-07-05&sig=lk1Ev5yaSshrjdAGUUWEx3x9ZEUNIn2nvgalPj6%2BwIA%3D,-104.6803813172075,-104.64441214033575,39.88946290345915,39.917165302212474
/vsicurl/https://landcoverdata.blob.core.windows.net/drcog-lulc/2020/DRCOG_2020_LULC_E3230000_N1740000.tif?st=2025-09-30T18%3A57%3A44Z&se=2025-10-01T19%3A42%3A44Z&sp=rl&sv=2025-07-05&sr=c&skoid=9c8ff44a-6a2c-4dfb-b298-1c9212f64d9a&sktid=72f988bf-86f1-41af-91ab-2d7cd011db47&skt=2025-10-01T12%3A59%3A31Z&ske=2025-10-08T12%3A59%3A31Z&sks=b&skv=2025-07-05&sig=lk1Ev5yaSshrjdAGUUWEx3x9ZEUNIn2nvgalPj6%2BwIA%3D,-104.68070268862114,-104.64474774518203,39.86201332936796,39.889715944282905
/vsicurl/https://landcoverdata.blob.core.windows.net/drcog-lulc/2020/DRCOG_2020_LULC_E3230000_N1730000.tif?st=2025-09-30T18%3A57%3A44Z&se=2025-10-01T19%3A42%3A44Z&sp=rl&sv=2025-07-05&sr=c&skoid=9c8ff44a-6a2c-4dfb-b298-1c9212f64d9a&sktid=72f988bf-86f1-41af-91ab-2d7cd011db47&skt=2025-10-01T12%3A59%3A31Z&ske=2025-10-08T12%3A59%3A31Z&sks=b&skv=2025-07-05&sig=lk1Ev5yaSshrjdAGUUWEx3x9ZEUNIn2nvgalPj6%2BwIA%3D,-104.68102380812176,-104.64508308685689,39.83456344909093,39.86226627382004
/vsicurl/https://landcoverdata.blob.core.windows.net/drcog-lulc/2020/DRCOG_2020_LULC_E3230000_N1720000.tif?st=2025-09-30T18%3A57%3A44Z&se=2025-10-01T19%3A42%3A44Z&sp=rl&sv=2025-07-05&sr=c&skoid=9c8ff44a-6a2c-4dfb-b298-1c9212f64d9a&sktid=72f988bf-86f1-41af-91ab-2d7cd011db47&skt=2025-10-01T12%3A59%3A31Z&ske=2025-10-08T12%3A59%3A31Z&sks=b&skv=2025-07-05&sig=lk1Ev5yaSshrjdAGUUWEx3x9ZEUNIn2nvgalPj6%2BwIA%3D,-104.68134467600544,-104.64541816566978,39.80711326899044,39.83481629718827
/vsicurl/https://landcoverdata.blob.core.windows.net/drcog-lulc/2020/DRCOG_2020_LULC_E3220000_N1750000.tif?st=2025-09-30T18%3A57%3A44Z&se=2025-10-01T19%3A42%3A44Z&sp=rl&sv=2025-07-05&sr=c&skoid=9c8ff44a-6a2c-4dfb-b298-1c9212f64d9a&sktid=72f988bf-86f1-41af-91ab-2d7cd011db47&skt=2025-10-01T12%3A59%3A31Z&ske=2025-10-08T12%3A59%3A31Z&sks=b&skv=2025-07-05&sig=lk1Ev5yaSshrjdAGUUWEx3x9ZEUNIn2nvgalPj6%2BwIA%3D,-104.71601514144245,-104.6800596935843,39.889715944282905,39.917407668450146
/vsicurl/https://landcoverdata.blob.core.windows.net/drcog-lulc/2020/DRCOG_2020_LULC_E3220000_N1740000.tif?st=2025-09-30T18%3A57%3A44Z&se=2025-10-01T19%3A42%3A44Z&sp=rl&sv=2025-07-05&sr=c&skoid=9c8ff44a-6a2c-4dfb-b298-1c9212f64d9a&sktid=72f988bf-86f1-41af-91ab-2d7cd011db47&skt=2025-10-01T12%3A59%3A31Z&ske=2025-10-08T12%3A59%3A31Z&sks=b&skv=2025-07-05&sig=lk1Ev5yaSshrjdAGUUWEx3x9ZEUNIn2nvgalPj6%2BwIA%3D,-104.71632254229834,-104.6803813172075,39.86226627382004,39.889958218233126
/vsicurl/https://landcoverdata.blob.core.windows.net/drcog-lulc/2020/DRCOG_2020_LULC_E3220000_N1730000.tif?st=2025-09-30T18%3A57%3A44Z&se=2025-10-01T19%3A42%3A44Z&sp=rl&sv=2025-07-05&sr=c&skoid=9c8ff44a-6a2c-4dfb-b298-1c9212f64d9a&sktid=72f988bf-86f1-41af-91ab-2d7cd011db47&skt=2025-10-01T12%3A59%3A31Z&ske=2025-10-08T12%3A59%3A31Z&sks=b&skv=2025-07-05&sig=lk1Ev5yaSshrjdAGUUWEx3x9ZEUNIn2nvgalPj6%2BwIA%3D,-104.7166297021906,-104.68070268862114,39.83481629718827,39.862508455499054
/vsicurl/https://landcoverdata.blob.core.windows.net/drcog-lulc/2020/DRCOG_2020_LULC_E3220000_N1720000.tif?st=2025-09-30T18%3A57%3A44Z&se=2025-10-01T19%3A42%3A44Z&sp=rl&sv=2025-07-05&sr=c&skoid=9c8ff44a-6a2c-4dfb-b298-1c9212f64d9a&sktid=72f988bf-86f1-41af-91ab-2d7cd011db47&skt=2025-10-01T12%3A59%3A31Z&ske=2025-10-08T12%3A59%3A31Z&sks=b&skv=2025-07-05&sig=lk1Ev5yaSshrjdAGUUWEx3x9ZEUNIn2nvgalPj6%2BwIA%3D,-104.7169366214025,-104.68102380812176,39.807366020749996,39.835058386612275
/vsicurl/https://landcoverdata.blob.core.windows.net/drcog-lulc/2020/DRCOG_2020_LULC_E3210000_N1750000.tif?st=2025-09-30T18%3A57%3A44Z&se=2025-10-01T19%3A42%3A44Z&sp=rl&sv=2025-07-05&sr=c&skoid=9c8ff44a-6a2c-4dfb-b298-1c9212f64d9a&sktid=72f988bf-86f1-41af-91ab-2d7cd011db47&skt=2025-10-01T12%3A59%3A31Z&ske=2025-10-08T12%3A59%3A31Z&sks=b&skv=2025-07-05&sig=lk1Ev5yaSshrjdAGUUWEx3x9ZEUNIn2nvgalPj6%2BwIA%3D,-104.7516492069246,-104.71570749933932,39.889958218233126,39.917639263604435
/vsicurl/https://landcoverdata.blob.core.windows.net/drcog-lulc/2020/DRCOG_2020_LULC_E3210000_N1740000.tif?st=2025-09-30T18%3A57%3A44Z&se=2025-10-01T19%3A42%3A44Z&sp=rl&sv=2025-07-05&sr=c&skoid=9c8ff44a-6a2c-4dfb-b298-1c9212f64d9a&sktid=72f988bf-86f1-41af-91ab-2d7cd011db47&skt=2025-10-01T12%3A59%3A31Z&ske=2025-10-08T12%3A59%3A31Z&sks=b&skv=2025-07-05&sig=lk1Ev5yaSshrjdAGUUWEx3x9ZEUNIn2nvgalPj6%2BwIA%3D,-104.75194263693906,-104.71601514144245,39.862508455499054,39.89018972520123
/vsicurl/https://landcoverdata.blob.core.windows.net/drcog-lulc/2020/DRCOG_2020_LULC_E3210000_N1730000.tif?st=2025-09-30T18%3A57%3A44Z&se=2025-10-01T19%3A42%3A44Z&sp=rl&sv=2025-07-05&sr=c&skoid=9c8ff44a-6a2c-4dfb-b298-1c9212f64d9a&sktid=72f988bf-86f1-41af-91ab-2d7cd011db47&skt=2025-10-01T12%3A59%3A31Z&ske=2025-10-08T12%3A59%3A31Z&sks=b&skv=2025-07-05&sig=lk1Ev5yaSshrjdAGUUWEx3x9ZEUNIn2nvgalPj6%2BwIA%3D,-104.75223583693978,-104.71632254229834,39.835058386612275,39.862739874296444
/vsicurl/https://landcoverdata.blob.core.windows.net/drcog-lulc/2020/DRCOG_2020_LULC_E3210000_N1720000.tif?st=2025-09-30T18%3A57%3A44Z&se=2025-10-01T19%3A42%3A44Z&sp=rl&sv=2025-07-05&sr=c&skoid=9c8ff44a-6a2c-4dfb-b298-1c9212f64d9a&sktid=72f988bf-86f1-41af-91ab-2d7cd011db47&skt=2025-10-01T12%3A59%3A31Z&ske=2025-10-08T12%3A59%3A31Z&sks=b&skv=2025-07-05&sig=lk1Ev5yaSshrjdAGUUWEx3x9ZEUNIn2nvgalPj6%2BwIA%3D,-104.7525288071971,-104.7166297021906,39.8076080179352,39.835289717254476
/vsicurl/https://landcoverdata.blob.core.windows.net/drcog-lulc/2020/DRCOG_2020_LULC_E3210000_N1710000.tif?st=2025-09-30T18%3A57%3A44Z&se=2025-10-01T19%3A42%3A44Z&sp=rl&sv=2025-07-05&sr=c&skoid=9c8ff44a-6a2c-4dfb-b298-1c9212f64d9a&sktid=72f988bf-86f1-41af-91ab-2d7cd011db47&skt=2025-10-01T12%3A59%3A31Z&ske=2025-10-08T12%3A59%3A31Z&sks=b&skv=2025-07-05&sig=lk1Ev5yaSshrjdAGUUWEx3x9ZEUNIn2nvgalPj6%2BwIA%3D,-104.75282154798094,-104.7169366214025,39.780157355828116,39.80783926043769
/vsicurl/https://landcoverdata.blob.core.windows.net/drcog-lulc/2020/DRCOG_2020_LULC_E3210000_N1700000.tif?st=2025-09-30T18%3A57%3A44Z&se=2025-10-01T19%3A42%3A44Z&sp=rl&sv=2025-07-05&sr=c&skoid=9c8ff44a-6a2c-4dfb-b298-1c9212f64d9a&sktid=72f988bf-86f1-41af-91ab-2d7cd011db47&skt=2025-10-01T12%3A59%3A31Z&ske=2025-10-08T12%3A59%3A31Z&sks=b&skv=2025-07-05&sig=lk1Ev5yaSshrjdAGUUWEx3x9ZEUNIn2nvgalPj6%2BwIA%3D,-104.75311405956079,-104.71724330021674,39.75270640664928,39.78038851020637
/vsicurl/https://landcoverdata.blob.core.windows.net/drcog-lulc/2020/DRCOG_2020_LULC_E3200000_N1730000.tif?st=2025-09-30T18%3A57%3A44Z&se=2025-10-01T19%3A42%3A44Z&sp=rl&sv=2025-07-05&sr=c&skoid=9c8ff44a-6a2c-4dfb-b298-1c9212f64d9a&sktid=72f988bf-86f1-41af-91ab-2d7cd011db47&skt=2025-10-01T12%3A59%3A31Z&ske=2025-10-08T12%3A59%3A31Z&sks=b&skv=2025-07-05&sig=lk1Ev5yaSshrjdAGUUWEx3x9ZEUNIn2nvgalPj6%2BwIA%3D,-104.78784220143227,-104.75194263693906,39.835289717254476,39.86296053010854
/vsicurl/https://landcoverdata.blob.core.windows.net/drcog-lulc/2020/DRCOG_2020_LULC_E3200000_N1720000.tif?st=2025-09-30T18%3A57%3A44Z&se=2025-10-01T19%3A42%3A44Z&sp=rl&sv=2025-07-05&sr=c&skoid=9c8ff44a-6a2c-4dfb-b298-1c9212f64d9a&sktid=72f988bf-86f1-41af-91ab-2d7cd011db47&skt=2025-10-01T12%3A59%3A31Z&ske=2025-10-08T12%3A59%3A31Z&sks=b&skv=2025-07-05&sig=lk1Ev5yaSshrjdAGUUWEx3x9ZEUNIn2nvgalPj6%2BwIA%3D,-104.78812122246511,-104.75223583693978,39.80783926043769,39.835510289011204
/vsicurl/https://landcoverdata.blob.core.windows.net/drcog-lulc/2020/DRCOG_2020_LULC_E3200000_N1710000.tif?st=2025-09-30T18%3A57%3A44Z&se=2025-10-01T19%3A42%3A44Z&sp=rl&sv=2025-07-05&sr=c&skoid=9c8ff44a-6a2c-4dfb-b298-1c9212f64d9a&sktid=72f988bf-86f1-41af-91ab-2d7cd011db47&skt=2025-10-01T12%3A59%3A31Z&ske=2025-10-08T12%3A59%3A31Z&sks=b&skv=2025-07-05&sig=lk1Ev5yaSshrjdAGUUWEx3x9ZEUNIn2nvgalPj6%2BwIA%3D,-104.78840002494904,-104.7525288071971,39.78038851020637,39.808059748153845
/vsicurl/https://landcoverdata.blob.core.windows.net/drcog-lulc/2020/DRCOG_2020_LULC_E3200000_N1700000.tif?st=2025-09-30T18%3A57%3A44Z&se=2025-10-01T19%3A42%3A44Z&sp=rl&sv=2025-07-05&sr=c&skoid=9c8ff44a-6a2c-4dfb-b298-1c9212f64d9a&sktid=72f988bf-86f1-41af-91ab-2d7cd011db47&skt=2025-10-01T12%3A59%3A31Z&ske=2025-10-08T12%3A59%3A31Z&sks=b&skv=2025-07-05&sig=lk1Ev5yaSshrjdAGUUWEx3x9ZEUNIn2nvgalPj6%2BwIA%3D,-104.78867860914073,-104.75282154798094,39.752937472918816,39.780608913896714
/vsicurl/https://landcoverdata.blob.core.windows.net/drcog-lulc/2020/DRCOG_2020_LULC_E3190000_N1730000.tif?st=2025-09-30T18%3A57%3A44Z&se=2025-10-01T19%3A42%3A44Z&sp=rl&sv=2025-07-05&sr=c&skoid=9c8ff44a-6a2c-4dfb-b298-1c9212f64d9a&sktid=72f988bf-86f1-41af-91ab-2d7cd011db47&skt=2025-10-01T12%3A59%3A31Z&ske=2025-10-08T12%3A59%3A31Z&sks=b&skv=2025-07-05&sig=lk1Ev5yaSshrjdAGUUWEx3x9ZEUNIn2nvgalPj6%2BwIA%3D,-104.82344878473067,-104.78756296159345,39.835510289011204,39.863170422836426
/vsicurl/https://landcoverdata.blob.core.windows.net/drcog-lulc/2020/DRCOG_2020_LULC_E3190000_N1720000.tif?st=2025-09-30T18%3A57%3A44Z&se=2025-10-01T19%3A42%3A44Z&sp=rl&sv=2025-07-05&sr=c&skoid=9c8ff44a-6a2c-4dfb-b298-1c9212f64d9a&sktid=72f988bf-86f1-41af-91ab-2d7cd011db47&skt=2025-10-01T12%3A59%3A31Z&ske=2025-10-08T12%3A59%3A31Z&sks=b&skv=2025-07-05&sig=lk1Ev5yaSshrjdAGUUWEx3x9ZEUNIn2nvgalPj6%2BwIA%3D,-104.82371385628197,-104.78784220143227,39.808059748153845,39.83572010178365
/vsicurl/https://landcoverdata.blob.core.windows.net/drcog-lulc/2020/DRCOG_2020_LULC_E3190000_N1710000.tif?st=2025-09-30T18%3A57%3A44Z&se=2025-10-01T19%3A42%3A44Z&sp=rl&sv=2025-07-05&sr=c&skoid=9c8ff44a-6a2c-4dfb-b298-1c9212f64d9a&sktid=72f988bf-86f1-41af-91ab-2d7cd011db47&skt=2025-10-01T12%3A59%3A31Z&ske=2025-10-08T12%3A59%3A31Z&sks=b&skv=2025-07-05&sig=lk1Ev5yaSshrjdAGUUWEx3x9ZEUNIn2nvgalPj6%2BwIA%3D,-104.82397872020931,-104.78812122246511,39.780608913896714,39.80826948098488
/vsicurl/https://landcoverdata.blob.core.windows.net/drcog-lulc/2020/DRCOG_2020_LULC_E3190000_N1700000.tif?st=2025-09-30T18%3A57%3A44Z&se=2025-10-01T19%3A42%3A44Z&sp=rl&sv=2025-07-05&sr=c&skoid=9c8ff44a-6a2c-4dfb-b298-1c9212f64d9a&sktid=72f988bf-86f1-41af-91ab-2d7cd011db47&skt=2025-10-01T12%3A59%3A31Z&ske=2025-10-08T12%3A59%3A31Z&sks=b&skv=2025-07-05&sig=lk1Ev5yaSshrjdAGUUWEx3x9ZEUNIn2nvgalPj6%2BwIA%3D,-104.82424337675657,-104.78840002494904,39.753157792598124,39.78081856680042
/vsicurl/https://landcoverdata.blob.core.windows.net/drcog-lulc/2020/DRCOG_2020_LULC_E3180000_N1710000.tif?st=2025-09-30T18%3A57%3A44Z&se=2025-10-01T19%3A42%3A44Z&sp=rl&sv=2025-07-05&sr=c&skoid=9c8ff44a-6a2c-4dfb-b298-1c9212f64d9a&sktid=72f988bf-86f1-41af-91ab-2d7cd011db47&skt=2025-10-01T12%3A59%3A31Z&ske=2025-10-08T12%3A59%3A31Z&sks=b&skv=2025-07-05&sig=lk1Ev5yaSshrjdAGUUWEx3x9ZEUNIn2nvgalPj6%2BwIA%3D,-104.85955762284962,-104.82371385628197,39.78081856680042,39.8084684588369
/vsicurl/https://landcoverdata.blob.core.windows.net/drcog-lulc/2020/DRCOG_2020_LULC_E3180000_N1700000.tif?st=2025-09-30T18%3A57%3A44Z&se=2025-10-01T19%3A42%3A44Z&sp=rl&sv=2025-07-05&sr=c&skoid=9c8ff44a-6a2c-4dfb-b298-1c9212f64d9a&sktid=72f988bf-86f1-41af-91ab-2d7cd011db47&skt=2025-10-01T12%3A59%3A31Z&ske=2025-10-08T12%3A59%3A31Z&sks=b&skv=2025-07-05&sig=lk1Ev5yaSshrjdAGUUWEx3x9ZEUNIn2nvgalPj6%2BwIA%3D,-104.85980835150899,-104.82397872020931,39.75336736558854,39.781017468823606
/vsicurl/https://landcoverdata.blob.core.windows.net/drcog-lulc/2020/DRCOG_2020_LULC_E3180000_N1660000.tif?st=2025-09-30T18%3A57%3A44Z&se=2025-10-01T19%3A42%3A44Z&sp=rl&sv=2025-07-05&sr=c&skoid=9c8ff44a-6a2c-4dfb-b298-1c9212f64d9a&sktid=72f988bf-86f1-41af-91ab-2d7cd011db47&skt=2025-10-01T12%3A59%3A31Z&ske=2025-10-08T12%3A59%3A31Z&sks=b&skv=2025-07-05&sig=lk1Ev5yaSshrjdAGUUWEx3x9ZEUNIn2nvgalPj6%2BwIA%3D,-104.86080930607832,-104.82503610455045,39.643559817560686,39.67121070218169
/vsicurl/https://landcoverdata.blob.core.windows.net/drcog-lulc/2020/DRCOG_2020_LULC_E3170000_N1720000.tif?st=2025-09-30T18%3A57%3A44Z&se=2025-10-01T19%3A42%3A44Z&sp=rl&sv=2025-07-05&sr=c&skoid=9c8ff44a-6a2c-4dfb-b298-1c9212f64d9a&sktid=72f988bf-86f1-41af-91ab-2d7cd011db47&skt=2025-10-01T12%3A59%3A31Z&ske=2025-10-08T12%3A59%3A31Z&sks=b&skv=2025-07-05&sig=lk1Ev5yaSshrjdAGUUWEx3x9ZEUNIn2nvgalPj6%2BwIA%3D,-104.89489973586193,-104.85905557589717,39.8084684588369,39.83610745000448
/vsicurl/https://landcoverdata.blob.core.windows.net/drcog-lulc/2020/DRCOG_2020_LULC_E3170000_N1710000.tif?st=2025-09-30T18%3A57%3A44Z&se=2025-10-01T19%3A42%3A44Z&sp=rl&sv=2025-07-05&sr=c&skoid=9c8ff44a-6a2c-4dfb-b298-1c9212f64d9a&sktid=72f988bf-86f1-41af-91ab-2d7cd011db47&skt=2025-10-01T12%3A59%3A31Z&ske=2025-10-08T12%3A59%3A31Z&sks=b&skv=2025-07-05&sig=lk1Ev5yaSshrjdAGUUWEx3x9ZEUNIn2nvgalPj6%2BwIA%3D,-104.89513672195743,-104.85930669772269,39.781017468823606,39.808656681620704
/vsicurl/https://landcoverdata.blob.core.windows.net/drcog-lulc/2020/DRCOG_2020_LULC_E3170000_N1700000.tif?st=2025-09-30T18%3A57%3A44Z&se=2025-10-01T19%3A42%3A44Z&sp=rl&sv=2025-07-05&sr=c&skoid=9c8ff44a-6a2c-4dfb-b298-1c9212f64d9a&sktid=72f988bf-86f1-41af-91ab-2d7cd011db47&skt=2025-10-01T12%3A59%3A31Z&ske=2025-10-08T12%3A59%3A31Z&sks=b&skv=2025-07-05&sig=lk1Ev5yaSshrjdAGUUWEx3x9ZEUNIn2nvgalPj6%2BwIA%3D,-104.89537352249826,-104.85955762284962,39.75356619179625,39.78120561987718
/vsicurl/https://landcoverdata.blob.core.windows.net/drcog-lulc/2020/DRCOG_2020_LULC_E3170000_N1690000.tif?st=2025-09-30T18%3A57%3A44Z&se=2025-10-01T19%3A42%3A44Z&sp=rl&sv=2025-07-05&sr=c&skoid=9c8ff44a-6a2c-4dfb-b298-1c9212f64d9a&sktid=72f988bf-86f1-41af-91ab-2d7cd011db47&skt=2025-10-01T12%3A59%3A31Z&ske=2025-10-08T12%3A59%3A31Z&sks=b&skv=2025-07-05&sig=lk1Ev5yaSshrjdAGUUWEx3x9ZEUNIn2nvgalPj6%2BwIA%3D,-104.89561013770223,-104.85980835150899,39.72611463411102,39.75375427113219
/vsicurl/https://landcoverdata.blob.core.windows.net/drcog-lulc/2020/DRCOG_2020_LULC_E3170000_N1680000.tif?st=2025-09-30T18%3A57%3A44Z&se=2025-10-01T19%3A42%3A44Z&sp=rl&sv=2025-07-05&sr=c&skoid=9c8ff44a-6a2c-4dfb-b298-1c9212f64d9a&sktid=72f988bf-86f1-41af-91ab-2d7cd011db47&skt=2025-10-01T12%3A59%3A31Z&ske=2025-10-08T12%3A59%3A31Z&sks=b&skv=2025-07-05&sig=lk1Ev5yaSshrjdAGUUWEx3x9ZEUNIn2nvgalPj6%2BwIA%3D,-104.89584656778688,-104.86005888393143,39.698662802122136,39.726302641741945
/vsicurl/https://landcoverdata.blob.core.windows.net/drcog-lulc/2020/DRCOG_2020_LULC_E3170000_N1670000.tif?st=2025-09-30T18%3A57%3A44Z&se=2025-10-01T19%3A42%3A44Z&sp=rl&sv=2025-07-05&sr=c&skoid=9c8ff44a-6a2c-4dfb-b298-1c9212f64d9a&sktid=72f988bf-86f1-41af-91ab-2d7cd011db47&skt=2025-10-01T12%3A59%3A31Z&ske=2025-10-08T12%3A59%3A31Z&sks=b&skv=2025-07-05&sig=lk1Ev5yaSshrjdAGUUWEx3x9ZEUNIn2nvgalPj6%2BwIA%3D,-104.89608281296934,-104.86030922034725,39.67121070218169,39.69885073806062
/vsicurl/https://landcoverdata.blob.core.windows.net/drcog-lulc/2020/DRCOG_2020_LULC_E3170000_N1660000.tif?st=2025-09-30T18%3A57%3A44Z&se=2025-10-01T19%3A42%3A44Z&sp=rl&sv=2025-07-05&sr=c&skoid=9c8ff44a-6a2c-4dfb-b298-1c9212f64d9a&sktid=72f988bf-86f1-41af-91ab-2d7cd011db47&skt=2025-10-01T12%3A59%3A31Z&ske=2025-10-08T12%3A59%3A31Z&sks=b&skv=2025-07-05&sig=lk1Ev5yaSshrjdAGUUWEx3x9ZEUNIn2nvgalPj6%2BwIA%3D,-104.89631887346641,-104.86055936098636,39.643758340639735,39.67139856644037
/vsicurl/https://landcoverdata.blob.core.windows.net/drcog-lulc/2020/DRCOG_2020_LULC_E3170000_N1650000.tif?st=2025-09-30T18%3A57%3A44Z&se=2025-10-01T19%3A42%3A44Z&sp=rl&sv=2025-07-05&sr=c&skoid=9c8ff44a-6a2c-4dfb-b298-1c9212f64d9a&sktid=72f988bf-86f1-41af-91ab-2d7cd011db47&skt=2025-10-01T12%3A59%3A31Z&ske=2025-10-08T12%3A59%3A31Z&sks=b&skv=2025-07-05&sig=lk1Ev5yaSshrjdAGUUWEx3x9ZEUNIn2nvgalPj6%2BwIA%3D,-104.89655474949461,-104.86080930607832,39.61630572384431,39.64394613323122
/vsicurl/https://landcoverdata.blob.core.windows.net/drcog-lulc/2020/DRCOG_2020_LULC_E3160000_N1710000.tif?st=2025-09-30T18%3A57%3A44Z&se=2025-10-01T19%3A42%3A44Z&sp=rl&sv=2025-07-05&sr=c&skoid=9c8ff44a-6a2c-4dfb-b298-1c9212f64d9a&sktid=72f988bf-86f1-41af-91ab-2d7cd011db47&skt=2025-10-01T12%3A59%3A31Z&ske=2025-10-08T12%3A59%3A31Z&sks=b&skv=2025-07-05&sig=lk1Ev5yaSshrjdAGUUWEx3x9ZEUNIn2nvgalPj6%2BwIA%3D,-104.93071600661987,-104.89489973586193,39.78120561987718,39.808834149252
/vsicurl/https://landcoverdata.blob.core.windows.net/drcog-lulc/2020/DRCOG_2020_LULC_E3160000_N1700000.tif?st=2025-09-30T18%3A57%3A44Z&se=2025-10-01T19%3A42%3A44Z&sp=rl&sv=2025-07-05&sr=c&skoid=9c8ff44a-6a2c-4dfb-b298-1c9212f64d9a&sktid=72f988bf-86f1-41af-91ab-2d7cd011db47&skt=2025-10-01T12%3A59%3A31Z&ske=2025-10-08T12%3A59%3A31Z&sks=b&skv=2025-07-05&sig=lk1Ev5yaSshrjdAGUUWEx3x9ZEUNIn2nvgalPj6%2BwIA%3D,-104.93093887882432,-104.89513672195743,39.75375427113219,39.78138301987684
/vsicurl/https://landcoverdata.blob.core.windows.net/drcog-lulc/2020/DRCOG_2020_LULC_E3160000_N1690000.tif?st=2025-09-30T18%3A57%3A44Z&se=2025-10-01T19%3A42%3A44Z&sp=rl&sv=2025-07-05&sr=c&skoid=9c8ff44a-6a2c-4dfb-b298-1c9212f64d9a&sktid=72f988bf-86f1-41af-91ab-2d7cd011db47&skt=2025-10-01T12%3A59%3A31Z&ske=2025-10-08T12%3A59%3A31Z&sks=b&skv=2025-07-05&sig=lk1Ev5yaSshrjdAGUUWEx3x9ZEUNIn2nvgalPj6%2BwIA%3D,-104.93116157659233,-104.89537352249826,39.726302641741945,39.75393160351212
/vsicurl/https://landcoverdata.blob.core.windows.net/drcog-lulc/2020/DRCOG_2020_LULC_E3160000_N1680000.tif?st=2025-09-30T18%3A57%3A44Z&se=2025-10-01T19%3A42%3A44Z&sp=rl&sv=2025-07-05&sr=c&skoid=9c8ff44a-6a2c-4dfb-b298-1c9212f64d9a&sktid=72f988bf-86f1-41af-91ab-2d7cd011db47&skt=2025-10-01T12%3A59%3A31Z&ske=2025-10-08T12%3A59%3A31Z&sks=b&skv=2025-07-05&sig=lk1Ev5yaSshrjdAGUUWEx3x9ZEUNIn2nvgalPj6%2BwIA%3D,-104.93138410012865,-104.89561013770223,39.69885073806062,39.72647990651406
/vsicurl/https://landcoverdata.blob.core.windows.net/drcog-lulc/2020/DRCOG_2020_LULC_E3160000_N1670000.tif?st=2025-09-30T18%3A57%3A44Z&se=2025-10-01T19%3A42%3A44Z&sp=rl&sv=2025-07-05&sr=c&skoid=9c8ff44a-6a2c-4dfb-b298-1c9212f64d9a&sktid=72f988bf-86f1-41af-91ab-2d7cd011db47&skt=2025-10-01T12%3A59%3A31Z&ske=2025-10-08T12%3A59%3A31Z&sks=b&skv=2025-07-05&sig=lk1Ev5yaSshrjdAGUUWEx3x9ZEUNIn2nvgalPj6%2BwIA%3D,-104.93160644963761,-104.89584656778688,39.67139856644037,39.69902793523678
/vsicurl/https://landcoverdata.blob.core.windows.net/drcog-lulc/2020/DRCOG_2020_LULC_E3160000_N1660000.tif?st=2025-09-30T18%3A57%3A44Z&se=2025-10-01T19%3A42%3A44Z&sp=rl&sv=2025-07-05&sr=c&skoid=9c8ff44a-6a2c-4dfb-b298-1c9212f64d9a&sktid=72f988bf-86f1-41af-91ab-2d7cd011db47&skt=2025-10-01T12%3A59%3A31Z&ske=2025-10-08T12%3A59%3A31Z&sks=b&skv=2025-07-05&sig=lk1Ev5yaSshrjdAGUUWEx3x9ZEUNIn2nvgalPj6%2BwIA%3D,-104.93182862532333,-104.89608281296934,39.64394613323122,39.67157569603243
/vsicurl/https://landcoverdata.blob.core.windows.net/drcog-lulc/2020/DRCOG_2020_LULC_E3160000_N1650000.tif?st=2025-09-30T18%3A57%3A44Z&se=2025-10-01T19%3A42%3A44Z&sp=rl&sv=2025-07-05&sr=c&skoid=9c8ff44a-6a2c-4dfb-b298-1c9212f64d9a&sktid=72f988bf-86f1-41af-91ab-2d7cd011db47&skt=2025-10-01T12%3A59%3A31Z&ske=2025-10-08T12%3A59%3A31Z&sks=b&skv=2025-07-05&sig=lk1Ev5yaSshrjdAGUUWEx3x9ZEUNIn2nvgalPj6%2BwIA%3D,-104.93205062738954,-104.89631887346641,39.61649344478119,39.644123195251126
/vsicurl/https://landcoverdata.blob.core.windows.net/drcog-lulc/2020/DRCOG_2020_LULC_E3150000_N1710000.tif?st=2025-09-30T18%3A57%3A44Z&se=2025-10-01T19%3A42%3A44Z&sp=rl&sv=2025-07-05&sr=c&skoid=9c8ff44a-6a2c-4dfb-b298-1c9212f64d9a&sktid=72f988bf-86f1-41af-91ab-2d7cd011db47&skt=2025-10-01T12%3A59%3A31Z&ske=2025-10-08T12%3A59%3A31Z&sks=b&skv=2025-07-05&sig=lk1Ev5yaSshrjdAGUUWEx3x9ZEUNIn2nvgalPj6%2BwIA%3D,-104.96629546592371,-104.93049295977397,39.78138301987684,39.80900086165129
/vsicurl/https://landcoverdata.blob.core.windows.net/drcog-lulc/2020/DRCOG_2020_LULC_E3150000_N1700000.tif?st=2025-09-30T18%3A57%3A44Z&se=2025-10-01T19%3A42%3A44Z&sp=rl&sv=2025-07-05&sr=c&skoid=9c8ff44a-6a2c-4dfb-b298-1c9212f64d9a&sktid=72f988bf-86f1-41af-91ab-2d7cd011db47&skt=2025-10-01T12%3A59%3A31Z&ske=2025-10-08T12%3A59%3A31Z&sks=b&skv=2025-07-05&sig=lk1Ev5yaSshrjdAGUUWEx3x9ZEUNIn2nvgalPj6%2BwIA%3D,-104.96650440958675,-104.93071600661987,39.75393160351212,39.78154966874319
/vsicurl/https://landcoverdata.blob.core.windows.net/drcog-lulc/2020/DRCOG_2020_LULC_E3150000_N1690000.tif?st=2025-09-30T18%3A57%3A44Z&se=2025-10-01T19%3A42%3A44Z&sp=rl&sv=2025-07-05&sr=c&skoid=9c8ff44a-6a2c-4dfb-b298-1c9212f64d9a&sktid=72f988bf-86f1-41af-91ab-2d7cd011db47&skt=2025-10-01T12%3A59%3A31Z&ske=2025-10-08T12%3A59%3A31Z&sks=b&skv=2025-07-05&sig=lk1Ev5yaSshrjdAGUUWEx3x9ZEUNIn2nvgalPj6%2BwIA%3D,-104.9667131897141,-104.93093887882432,39.72647990651406,39.75409818885665
/vsicurl/https://landcoverdata.blob.core.windows.net/drcog-lulc/2020/DRCOG_2020_LULC_E3150000_N1680000.tif?st=2025-09-30T18%3A57%3A44Z&se=2025-10-01T19%3A42%3A44Z&sp=rl&sv=2025-07-05&sr=c&skoid=9c8ff44a-6a2c-4dfb-b298-1c9212f64d9a&sktid=72f988bf-86f1-41af-91ab-2d7cd011db47&skt=2025-10-01T12%3A59%3A31Z&ske=2025-10-08T12%3A59%3A31Z&sks=b&skv=2025-07-05&sig=lk1Ev5yaSshrjdAGUUWEx3x9ZEUNIn2nvgalPj6%2BwIA%3D,-104.96692180649768,-104.93116157659233,39.69902793523678,39.72664642834799
/vsicurl/https://landcoverdata.blob.core.windows.net/drcog-lulc/2020/DRCOG_2020_LULC_E3150000_N1670000.tif?st=2025-09-30T18%3A57%3A44Z&se=2025-10-01T19%3A42%3A44Z&sp=rl&sv=2025-07-05&sr=c&skoid=9c8ff44a-6a2c-4dfb-b298-1c9212f64d9a&sktid=72f988bf-86f1-41af-91ab-2d7cd011db47&skt=2025-10-01T12%3A59%3A31Z&ske=2025-10-08T12%3A59%3A31Z&sks=b&skv=2025-07-05&sig=lk1Ev5yaSshrjdAGUUWEx3x9ZEUNIn2nvgalPj6%2BwIA%3D,-104.96713026012911,-104.93138410012865,39.67157569603243,39.69919439357124
/vsicurl/https://landcoverdata.blob.core.windows.net/drcog-lulc/2020/DRCOG_2020_LULC_E3150000_N1660000.tif?st=2025-09-30T18%3A57%3A44Z&se=2025-10-01T19%3A42%3A44Z&sp=rl&sv=2025-07-05&sr=c&skoid=9c8ff44a-6a2c-4dfb-b298-1c9212f64d9a&sktid=72f988bf-86f1-41af-91ab-2d7cd011db47&skt=2025-10-01T12%3A59%3A31Z&ske=2025-10-08T12%3A59%3A31Z&sks=b&skv=2025-07-05&sig=lk1Ev5yaSshrjdAGUUWEx3x9ZEUNIn2nvgalPj6%2BwIA%3D,-104.96733855079971,-104.93160644963761,39.644123195251126,39.67174209087863
/vsicurl/https://landcoverdata.blob.core.windows.net/drcog-lulc/2020/DRCOG_2020_LULC_E3140000_N1710000.tif?st=2025-09-30T18%3A57%3A44Z&se=2025-10-01T19%3A42%3A44Z&sp=rl&sv=2025-07-05&sr=c&skoid=9c8ff44a-6a2c-4dfb-b298-1c9212f64d9a&sktid=72f988bf-86f1-41af-91ab-2d7cd011db47&skt=2025-10-01T12%3A59%3A31Z&ske=2025-10-08T12%3A59%3A31Z&sks=b&skv=2025-07-05&sig=lk1Ev5yaSshrjdAGUUWEx3x9ZEUNIn2nvgalPj6%2BwIA%3D,-105.0018750889554,-104.96608635853278,39.78154966874319,39.80915681874389
/vsicurl/https://landcoverdata.blob.core.windows.net/drcog-lulc/2020/DRCOG_2020_LULC_E3140000_N1700000.tif?st=2025-09-30T18%3A57%3A44Z&se=2025-10-01T19%3A42%3A44Z&sp=rl&sv=2025-07-05&sr=c&skoid=9c8ff44a-6a2c-4dfb-b298-1c9212f64d9a&sktid=72f988bf-86f1-41af-91ab-2d7cd011db47&skt=2025-10-01T12%3A59%3A31Z&ske=2025-10-08T12%3A59%3A31Z&sks=b&skv=2025-07-05&sig=lk1Ev5yaSshrjdAGUUWEx3x9ZEUNIn2nvgalPj6%2BwIA%3D,-105.00207010388482,-104.96629546592371,39.75409818885665,39.78170556640151
/vsicurl/https://landcoverdata.blob.core.windows.net/drcog-lulc/2020/DRCOG_2020_LULC_E3140000_N1690000.tif?st=2025-09-30T18%3A57%3A44Z&se=2025-10-01T19%3A42%3A44Z&sp=rl&sv=2025-07-05&sr=c&skoid=9c8ff44a-6a2c-4dfb-b298-1c9212f64d9a&sktid=72f988bf-86f1-41af-91ab-2d7cd011db47&skt=2025-10-01T12%3A59%3A31Z&ske=2025-10-08T12%3A59%3A31Z&sks=b&skv=2025-07-05&sig=lk1Ev5yaSshrjdAGUUWEx3x9ZEUNIn2nvgalPj6%2BwIA%3D,-105.00226496617958,-104.96650440958675,39.72664642834799,39.75425402709122
/vsicurl/https://landcoverdata.blob.core.windows.net/drcog-lulc/2020/DRCOG_2020_LULC_E3140000_N1680000.tif?st=2025-09-30T18%3A57%3A44Z&se=2025-10-01T19%3A42%3A44Z&sp=rl&sv=2025-07-05&sr=c&skoid=9c8ff44a-6a2c-4dfb-b298-1c9212f64d9a&sktid=72f988bf-86f1-41af-91ab-2d7cd011db47&skt=2025-10-01T12%3A59%3A31Z&ske=2025-10-08T12%3A59%3A31Z&sks=b&skv=2025-07-05&sig=lk1Ev5yaSshrjdAGUUWEx3x9ZEUNIn2nvgalPj6%2BwIA%3D,-105.00245967601882,-104.9667131897141,39.69919439357124,39.72680220716916
/vsicurl/https://landcoverdata.blob.core.windows.net/drcog-lulc/2020/DRCOG_2020_LULC_E3140000_N1670000.tif?st=2025-09-30T18%3A57%3A44Z&se=2025-10-01T19%3A42%3A44Z&sp=rl&sv=2025-07-05&sr=c&skoid=9c8ff44a-6a2c-4dfb-b298-1c9212f64d9a&sktid=72f988bf-86f1-41af-91ab-2d7cd011db47&skt=2025-10-01T12%3A59%3A31Z&ske=2025-10-08T12%3A59%3A31Z&sks=b&skv=2025-07-05&sig=lk1Ev5yaSshrjdAGUUWEx3x9ZEUNIn2nvgalPj6%2BwIA%3D,-105.0026542335814,-104.96692180649768,39.67174209087863,39.699350112989535
/vsicurl/https://landcoverdata.blob.core.windows.net/drcog-lulc/2020/DRCOG_2020_LULC_E3140000_N1660000.tif?st=2025-09-30T18%3A57%3A44Z&se=2025-10-01T19%3A42%3A44Z&sp=rl&sv=2025-07-05&sr=c&skoid=9c8ff44a-6a2c-4dfb-b298-1c9212f64d9a&sktid=72f988bf-86f1-41af-91ab-2d7cd011db47&skt=2025-10-01T12%3A59%3A31Z&ske=2025-10-08T12%3A59%3A31Z&sks=b&skv=2025-07-05&sig=lk1Ev5yaSshrjdAGUUWEx3x9ZEUNIn2nvgalPj6%2BwIA%3D,-105.00284863904587,-104.96713026012911,39.644289526620184,39.67189775090447
/vsicurl/https://landcoverdata.blob.core.windows.net/drcog-lulc/2020/DRCOG_2020_LULC_E3130000_N1710000.tif?st=2025-09-30T18%3A57%3A44Z&se=2025-10-01T19%3A42%3A44Z&sp=rl&sv=2025-07-05&sr=c&skoid=9c8ff44a-6a2c-4dfb-b298-1c9212f64d9a&sktid=72f988bf-86f1-41af-91ab-2d7cd011db47&skt=2025-10-01T12%3A59%3A31Z&ske=2025-10-08T12%3A59%3A31Z&sks=b&skv=2025-07-05&sig=lk1Ev5yaSshrjdAGUUWEx3x9ZEUNIn2nvgalPj6%2BwIA%3D,-105.03745486480109,-105.00167992121195,39.78170556640151,39.809302020459896
/vsicurl/https://landcoverdata.blob.core.windows.net/drcog-lulc/2020/DRCOG_2020_LULC_E3130000_N1700000.tif?st=2025-09-30T18%3A57%3A44Z&se=2025-10-01T19%3A42%3A44Z&sp=rl&sv=2025-07-05&sr=c&skoid=9c8ff44a-6a2c-4dfb-b298-1c9212f64d9a&sktid=72f988bf-86f1-41af-91ab-2d7cd011db47&skt=2025-10-01T12%3A59%3A31Z&ske=2025-10-08T12%3A59%3A31Z&sks=b&skv=2025-07-05&sig=lk1Ev5yaSshrjdAGUUWEx3x9ZEUNIn2nvgalPj6%2BwIA%3D,-105.03763595081746,-105.0018750889554,39.75425402709122,39.781850712782045
/vsicurl/https://landcoverdata.blob.core.windows.net/drcog-lulc/2020/DRCOG_2020_LULC_E3130000_N1690000.tif?st=2025-09-30T18%3A57%3A44Z&se=2025-10-01T19%3A42%3A44Z&sp=rl&sv=2025-07-05&sr=c&skoid=9c8ff44a-6a2c-4dfb-b298-1c9212f64d9a&sktid=72f988bf-86f1-41af-91ab-2d7cd011db47&skt=2025-10-01T12%3A59%3A31Z&ske=2025-10-08T12%3A59%3A31Z&sks=b&skv=2025-07-05&sig=lk1Ev5yaSshrjdAGUUWEx3x9ZEUNIn2nvgalPj6%2BwIA%3D,-105.03781689510052,-105.00207010388482,39.72680220716916,39.75439911814597
/vsicurl/https://landcoverdata.blob.core.windows.net/drcog-lulc/2020/DRCOG_2020_LULC_E3130000_N1680000.tif?st=2025-09-30T18%3A57%3A44Z&se=2025-10-01T19%3A42%3A44Z&sp=rl&sv=2025-07-05&sr=c&skoid=9c8ff44a-6a2c-4dfb-b298-1c9212f64d9a&sktid=72f988bf-86f1-41af-91ab-2d7cd011db47&skt=2025-10-01T12%3A59%3A31Z&ske=2025-10-08T12%3A59%3A31Z&sks=b&skv=2025-07-05&sig=lk1Ev5yaSshrjdAGUUWEx3x9ZEUNIn2nvgalPj6%2BwIA%3D,-105.03799769781658,-105.00226496617958,39.699350112989535,39.726947242907876
/vsicurl/https://landcoverdata.blob.core.windows.net/drcog-lulc/2020/DRCOG_2020_LULC_E3130000_N1670000.tif?st=2025-09-30T18%3A57%3A44Z&se=2025-10-01T19%3A42%3A44Z&sp=rl&sv=2025-07-05&sr=c&skoid=9c8ff44a-6a2c-4dfb-b298-1c9212f64d9a&sktid=72f988bf-86f1-41af-91ab-2d7cd011db47&skt=2025-10-01T12%3A59%3A31Z&ske=2025-10-08T12%3A59%3A31Z&sks=b&skv=2025-07-05&sig=lk1Ev5yaSshrjdAGUUWEx3x9ZEUNIn2nvgalPj6%2BwIA%3D,-105.03817835913173,-105.00245967601882,39.67189775090447,39.699495093421945
/vsicurl/https://landcoverdata.blob.core.windows.net/drcog-lulc/2020/DRCOG_2020_LULC_E3130000_N1660000.tif?st=2025-09-30T18%3A57%3A44Z&se=2025-10-01T19%3A42%3A44Z&sp=rl&sv=2025-07-05&sr=c&skoid=9c8ff44a-6a2c-4dfb-b298-1c9212f64d9a&sktid=72f988bf-86f1-41af-91ab-2d7cd011db47&skt=2025-10-01T12%3A59%3A31Z&ske=2025-10-08T12%3A59%3A31Z&sks=b&skv=2025-07-05&sig=lk1Ev5yaSshrjdAGUUWEx3x9ZEUNIn2nvgalPj6%2BwIA%3D,-105.03835887921177,-105.0026542335814,39.64444512726401,39.67204267604027
/vsicurl/https://landcoverdata.blob.core.windows.net/drcog-lulc/2020/DRCOG_2020_LULC_E3130000_N1650000.tif?st=2025-09-30T18%3A57%3A44Z&se=2025-10-01T19%3A42%3A44Z&sp=rl&sv=2025-07-05&sr=c&skoid=9c8ff44a-6a2c-4dfb-b298-1c9212f64d9a&sktid=72f988bf-86f1-41af-91ab-2d7cd011db47&skt=2025-10-01T12%3A59%3A31Z&ske=2025-10-08T12%3A59%3A31Z&sks=b&skv=2025-07-05&sig=lk1Ev5yaSshrjdAGUUWEx3x9ZEUNIn2nvgalPj6%2BwIA%3D,-105.03853925822227,-105.00284863904587,39.61699224841617,39.64458999711296
/vsicurl/https://landcoverdata.blob.core.windows.net/drcog-lulc/2020/DRCOG_2020_LULC_E3120000_N1710000.tif?st=2025-09-30T18%3A57%3A44Z&se=2025-10-01T19%3A42%3A44Z&sp=rl&sv=2025-07-05&sr=c&skoid=9c8ff44a-6a2c-4dfb-b298-1c9212f64d9a&sktid=72f988bf-86f1-41af-91ab-2d7cd011db47&skt=2025-10-01T12%3A59%3A31Z&ske=2025-10-08T12%3A59%3A31Z&sks=b&skv=2025-07-05&sig=lk1Ev5yaSshrjdAGUUWEx3x9ZEUNIn2nvgalPj6%2BwIA%3D,-105.07303478254666,-105.0372736368848,39.781850712782045,39.80943646673431
/vsicurl/https://landcoverdata.blob.core.windows.net/drcog-lulc/2020/DRCOG_2020_LULC_E3120000_N1700000.tif?st=2025-09-30T18%3A57%3A44Z&se=2025-10-01T19%3A42%3A44Z&sp=rl&sv=2025-07-05&sr=c&skoid=9c8ff44a-6a2c-4dfb-b298-1c9212f64d9a&sktid=72f988bf-86f1-41af-91ab-2d7cd011db47&skt=2025-10-01T12%3A59%3A31Z&ske=2025-10-08T12%3A59%3A31Z&sks=b&skv=2025-07-05&sig=lk1Ev5yaSshrjdAGUUWEx3x9ZEUNIn2nvgalPj6%2BwIA%3D,-105.07320193948341,-105.03745486480109,39.75439911814597,39.78198510781974
/vsicurl/https://landcoverdata.blob.core.windows.net/drcog-lulc/2020/DRCOG_2020_LULC_E3120000_N1690000.tif?st=2025-09-30T18%3A57%3A44Z&se=2025-10-01T19%3A42%3A44Z&sp=rl&sv=2025-07-05&sr=c&skoid=9c8ff44a-6a2c-4dfb-b298-1c9212f64d9a&sktid=72f988bf-86f1-41af-91ab-2d7cd011db47&skt=2025-10-01T12%3A59%3A31Z&ske=2025-10-08T12%3A59%3A31Z&sks=b&skv=2025-07-05&sig=lk1Ev5yaSshrjdAGUUWEx3x9ZEUNIn2nvgalPj6%2BwIA%3D,-105.07336896558843,-105.03763595081746,39.726947242907876,39.754533461955944
/vsicurl/https://landcoverdata.blob.core.windows.net/drcog-lulc/2020/DRCOG_2020_LULC_E3120000_N1680000.tif?st=2025-09-30T18%3A57%3A44Z&se=2025-10-01T19%3A42%3A44Z&sp=rl&sv=2025-07-05&sr=c&skoid=9c8ff44a-6a2c-4dfb-b298-1c9212f64d9a&sktid=72f988bf-86f1-41af-91ab-2d7cd011db47&skt=2025-10-01T12%3A59%3A31Z&ske=2025-10-08T12%3A59%3A31Z&sks=b&skv=2025-07-05&sig=lk1Ev5yaSshrjdAGUUWEx3x9ZEUNIn2nvgalPj6%2BwIA%3D,-105.07353586101523,-105.03781689510052,39.699495093421945,39.72708153549918
/vsicurl/https://landcoverdata.blob.core.windows.net/drcog-lulc/2020/DRCOG_2020_LULC_E3120000_N1670000.tif?st=2025-09-30T18%3A57%3A44Z&se=2025-10-01T19%3A42%3A44Z&sp=rl&sv=2025-07-05&sr=c&skoid=9c8ff44a-6a2c-4dfb-b298-1c9212f64d9a&sktid=72f988bf-86f1-41af-91ab-2d7cd011db47&skt=2025-10-01T12%3A59%3A31Z&ske=2025-10-08T12%3A59%3A31Z&sks=b&skv=2025-07-05&sig=lk1Ev5yaSshrjdAGUUWEx3x9ZEUNIn2nvgalPj6%2BwIA%3D,-105.07370262591714,-105.03799769781658,39.67204267604027,39.69962933480355
/vsicurl/https://landcoverdata.blob.core.windows.net/drcog-lulc/2020/DRCOG_2020_LULC_E3120000_N1660000.tif?st=2025-09-30T18%3A57%3A44Z&se=2025-10-01T19%3A42%3A44Z&sp=rl&sv=2025-07-05&sr=c&skoid=9c8ff44a-6a2c-4dfb-b298-1c9212f64d9a&sktid=72f988bf-86f1-41af-91ab-2d7cd011db47&skt=2025-10-01T12%3A59%3A31Z&ske=2025-10-08T12%3A59%3A31Z&sks=b&skv=2025-07-05&sig=lk1Ev5yaSshrjdAGUUWEx3x9ZEUNIn2nvgalPj6%2BwIA%3D,-105.07386926044721,-105.03817835913173,39.64458999711296,39.6721768662212
/vsicurl/https://landcoverdata.blob.core.windows.net/drcog-lulc/2020/DRCOG_2020_LULC_E3120000_N1650000.tif?st=2025-09-30T18%3A57%3A44Z&se=2025-10-01T19%3A42%3A44Z&sp=rl&sv=2025-07-05&sr=c&skoid=9c8ff44a-6a2c-4dfb-b298-1c9212f64d9a&sktid=72f988bf-86f1-41af-91ab-2d7cd011db47&skt=2025-10-01T12%3A59%3A31Z&ske=2025-10-08T12%3A59%3A31Z&sks=b&skv=2025-07-05&sig=lk1Ev5yaSshrjdAGUUWEx3x9ZEUNIn2nvgalPj6%2BwIA%3D,-105.07403576475825,-105.03835887921177,39.61713706298798,39.6447241361022
/vsicurl/https://landcoverdata.blob.core.windows.net/drcog-lulc/2020/DRCOG_2020_LULC_E3120000_N1640000.tif?st=2025-09-30T18%3A57%3A44Z&se=2025-10-01T19%3A42%3A44Z&sp=rl&sv=2025-07-05&sr=c&skoid=9c8ff44a-6a2c-4dfb-b298-1c9212f64d9a&sktid=72f988bf-86f1-41af-91ab-2d7cd011db47&skt=2025-10-01T12%3A59%3A31Z&ske=2025-10-08T12%3A59%3A31Z&sks=b&skv=2025-07-05&sig=lk1Ev5yaSshrjdAGUUWEx3x9ZEUNIn2nvgalPj6%2BwIA%3D,-105.07420213900285,-105.03853925822227,39.58968388001128,39.61727115079455
/vsicurl/https://landcoverdata.blob.core.windows.net/drcog-lulc/2020/DRCOG_2020_LULC_E3110000_N1660000.tif?st=2025-09-30T18%3A57%3A44Z&se=2025-10-01T19%3A42%3A44Z&sp=rl&sv=2025-07-05&sr=c&skoid=9c8ff44a-6a2c-4dfb-b298-1c9212f64d9a&sktid=72f988bf-86f1-41af-91ab-2d7cd011db47&skt=2025-10-01T12%3A59%3A31Z&ske=2025-10-08T12%3A59%3A31Z&sks=b&skv=2025-07-05&sig=lk1Ev5yaSshrjdAGUUWEx3x9ZEUNIn2nvgalPj6%2BwIA%3D,-105.10937977190162,-105.07370262591714,39.6447241361022,39.67230032138718
/vsicurl/https://landcoverdata.blob.core.windows.net/drcog-lulc/2020/DRCOG_2020_LULC_E3110000_N1650000.tif?st=2025-09-30T18%3A57%3A44Z&se=2025-10-01T19%3A42%3A44Z&sp=rl&sv=2025-07-05&sr=c&skoid=9c8ff44a-6a2c-4dfb-b298-1c9212f64d9a&sktid=72f988bf-86f1-41af-91ab-2d7cd011db47&skt=2025-10-01T12%3A59%3A31Z&ske=2025-10-08T12%3A59%3A31Z&sks=b&skv=2025-07-05&sig=lk1Ev5yaSshrjdAGUUWEx3x9ZEUNIn2nvgalPj6%2BwIA%3D,-105.10953240136064,-105.07386926044721,39.61727115079455,39.6448475441717
/vsicurl/https://landcoverdata.blob.core.windows.net/drcog-lulc/2020/DRCOG_2020_LULC_E3110000_N1640000.tif?st=2025-09-30T18%3A57%3A44Z&se=2025-10-01T19%3A42%3A44Z&sp=rl&sv=2025-07-05&sr=c&skoid=9c8ff44a-6a2c-4dfb-b298-1c9212f64d9a&sktid=72f988bf-86f1-41af-91ab-2d7cd011db47&skt=2025-10-01T12%3A59%3A31Z&ske=2025-10-08T12%3A59%3A31Z&sks=b&skv=2025-07-05&sig=lk1Ev5yaSshrjdAGUUWEx3x9ZEUNIn2nvgalPj6%2BwIA%3D,-105.10968491159127,-105.07403576475825,39.58981791664416,39.617394511775885
/vsicurl/https://landcoverdata.blob.core.windows.net/drcog-lulc/2020/DRCOG_2020_LULC_E3100000_N1650000.tif?st=2025-09-30T18%3A57%3A44Z&se=2025-10-01T19%3A42%3A44Z&sp=rl&sv=2025-07-05&sr=c&skoid=9c8ff44a-6a2c-4dfb-b298-1c9212f64d9a&sktid=72f988bf-86f1-41af-91ab-2d7cd011db47&skt=2025-10-01T12%3A59%3A31Z&ske=2025-10-08T12%3A59%3A31Z&sks=b&skv=2025-07-05&sig=lk1Ev5yaSshrjdAGUUWEx3x9ZEUNIn2nvgalPj6%2BwIA%3D,-105.14502915719137,-105.10937977190162,39.617394511775885,39.64496022126625
/vsicurl/https://landcoverdata.blob.core.windows.net/drcog-lulc/2018/DRCOG_2018_LULC_E3250000_N1740000.tif?st=2025-09-30T18%3A57%3A44Z&se=2025-10-01T19%3A42%3A44Z&sp=rl&sv=2025-07-05&sr=c&skoid=9c8ff44a-6a2c-4dfb-b298-1c9212f64d9a&sktid=72f988bf-86f1-41af-91ab-2d7cd011db47&skt=2025-10-01T12%3A59%3A31Z&ske=2025-10-08T12%3A59%3A31Z&sks=b&skv=2025-07-05&sig=lk1Ev5yaSshrjdAGUUWEx3x9ZEUNIn2nvgalPj6%2BwIA%3D,-104.60946985221419,-104.50148402426683,39.86089808854592,39.940948965732986
/vsicurl/https://landcoverdata.blob.core.windows.net/drcog-lulc/2018/DRCOG_2018_LULC_E3220000_N1740000.tif?st=2025-09-30T18%3A57%3A44Z&se=2025-10-01T19%3A42%3A44Z&sp=rl&sv=2025-07-05&sr=c&skoid=9c8ff44a-6a2c-4dfb-b298-1c9212f64d9a&sktid=72f988bf-86f1-41af-91ab-2d7cd011db47&skt=2025-10-01T12%3A59%3A31Z&ske=2025-10-08T12%3A59%3A31Z&sks=b&skv=2025-07-05&sig=lk1Ev5yaSshrjdAGUUWEx3x9ZEUNIn2nvgalPj6%2BwIA%3D,-104.71632843066394,-104.60846110538911,39.861753352015505,39.9417083519872
/vsicurl/https://landcoverdata.blob.core.windows.net/drcog-lulc/2018/DRCOG_2018_LULC_E3220000_N1710000.tif?st=2025-09-30T18%3A57%3A44Z&se=2025-10-01T19%3A42%3A44Z&sp=rl&sv=2025-07-05&sr=c&skoid=9c8ff44a-6a2c-4dfb-b298-1c9212f64d9a&sktid=72f988bf-86f1-41af-91ab-2d7cd011db47&skt=2025-10-01T12%3A59%3A31Z&ske=2025-10-08T12%3A59%3A31Z&sks=b&skv=2025-07-05&sig=lk1Ev5yaSshrjdAGUUWEx3x9ZEUNIn2nvgalPj6%2BwIA%3D,-104.71724940939103,-104.60946985221419,39.779403059769585,39.86251175578721
/vsicurl/https://landcoverdata.blob.core.windows.net/drcog-lulc/2018/DRCOG_2018_LULC_E3190000_N1740000.tif?st=2025-09-30T18%3A57%3A44Z&se=2025-10-01T19%3A42%3A44Z&sp=rl&sv=2025-07-05&sr=c&skoid=9c8ff44a-6a2c-4dfb-b298-1c9212f64d9a&sktid=72f988bf-86f1-41af-91ab-2d7cd011db47&skt=2025-10-01T12%3A59%3A31Z&ske=2025-10-08T12%3A59%3A31Z&sks=b&skv=2025-07-05&sig=lk1Ev5yaSshrjdAGUUWEx3x9ZEUNIn2nvgalPj6%2BwIA%3D,-104.82318937678214,-104.7154406586928,39.86251175578721,39.94237075675671
/vsicurl/https://landcoverdata.blob.core.windows.net/drcog-lulc/2018/DRCOG_2018_LULC_E3190000_N1710000.tif?st=2025-09-30T18%3A57%3A44Z&se=2025-10-01T19%3A42%3A44Z&sp=rl&sv=2025-07-05&sr=c&skoid=9c8ff44a-6a2c-4dfb-b298-1c9212f64d9a&sktid=72f988bf-86f1-41af-91ab-2d7cd011db47&skt=2025-10-01T12%3A59%3A31Z&ske=2025-10-08T12%3A59%3A31Z&sks=b&skv=2025-07-05&sig=lk1Ev5yaSshrjdAGUUWEx3x9ZEUNIn2nvgalPj6%2BwIA%3D,-104.82398470835535,-104.71632843066394,39.78016044275463,39.86317340765141
/vsicurl/https://landcoverdata.blob.core.windows.net/drcog-lulc/2018/DRCOG_2018_LULC_E3190000_N1680000.tif?st=2025-09-30T18%3A57%3A44Z&se=2025-10-01T19%3A42%3A44Z&sp=rl&sv=2025-07-05&sr=c&skoid=9c8ff44a-6a2c-4dfb-b298-1c9212f64d9a&sktid=72f988bf-86f1-41af-91ab-2d7cd011db47&skt=2025-10-01T12%3A59%3A31Z&ske=2025-10-08T12%3A59%3A31Z&sks=b&skv=2025-07-05&sig=lk1Ev5yaSshrjdAGUUWEx3x9ZEUNIn2nvgalPj6%2BwIA%3D,-104.82477801900029,-104.71724940939103,39.69780670267633,39.78082131522472
/vsicurl/https://landcoverdata.blob.core.windows.net/drcog-lulc/2018/DRCOG_2018_LULC_E3160000_N1710000.tif?st=2025-09-30T18%3A57%3A44Z&se=2025-10-01T19%3A42%3A44Z&sp=rl&sv=2025-07-05&sr=c&skoid=9c8ff44a-6a2c-4dfb-b298-1c9212f64d9a&sktid=72f988bf-86f1-41af-91ab-2d7cd011db47&skt=2025-10-01T12%3A59%3A31Z&ske=2025-10-08T12%3A59%3A31Z&sks=b&skv=2025-07-05&sig=lk1Ev5yaSshrjdAGUUWEx3x9ZEUNIn2nvgalPj6%2BwIA%3D,-104.93072190226721,-104.82318937678214,39.78082131522472,39.863738242088026
/vsicurl/https://landcoverdata.blob.core.windows.net/drcog-lulc/2018/DRCOG_2018_LULC_E3160000_N1680000.tif?st=2025-09-30T18%3A57%3A44Z&se=2025-10-01T19%3A42%3A44Z&sp=rl&sv=2025-07-05&sr=c&skoid=9c8ff44a-6a2c-4dfb-b298-1c9212f64d9a&sktid=72f988bf-86f1-41af-91ab-2d7cd011db47&skt=2025-10-01T12%3A59%3A31Z&ske=2025-10-08T12%3A59%3A31Z&sks=b&skv=2025-07-05&sig=lk1Ev5yaSshrjdAGUUWEx3x9ZEUNIn2nvgalPj6%2BwIA%3D,-104.9313898210913,-104.82398470835535,39.698466846741226,39.781385536867596
/vsicurl/https://landcoverdata.blob.core.windows.net/drcog-lulc/2018/DRCOG_2018_LULC_E3160000_N1650000.tif?st=2025-09-30T18%3A57%3A44Z&se=2025-10-01T19%3A42%3A44Z&sp=rl&sv=2025-07-05&sr=c&skoid=9c8ff44a-6a2c-4dfb-b298-1c9212f64d9a&sktid=72f988bf-86f1-41af-91ab-2d7cd011db47&skt=2025-10-01T12%3A59%3A31Z&ske=2025-10-08T12%3A59%3A31Z&sks=b&skv=2025-07-05&sig=lk1Ev5yaSshrjdAGUUWEx3x9ZEUNIn2nvgalPj6%2BwIA%3D,-104.93205609830277,-104.82477801900029,39.61611009040642,39.69903043963357
/vsicurl/https://landcoverdata.blob.core.windows.net/drcog-lulc/2018/DRCOG_2018_LULC_E3130000_N1710000.tif?st=2025-09-30T18%3A57%3A44Z&se=2025-10-01T19%3A42%3A44Z&sp=rl&sv=2025-07-05&sr=c&skoid=9c8ff44a-6a2c-4dfb-b298-1c9212f64d9a&sktid=72f988bf-86f1-41af-91ab-2d7cd011db47&skt=2025-10-01T12%3A59%3A31Z&ske=2025-10-08T12%3A59%3A31Z&sks=b&skv=2025-07-05&sig=lk1Ev5yaSshrjdAGUUWEx3x9ZEUNIn2nvgalPj6%2BwIA%3D,-105.03746067464014,-104.93005228976945,39.781385536867596,39.86420624933747
/vsicurl/https://landcoverdata.blob.core.windows.net/drcog-lulc/2018/DRCOG_2018_LULC_E3130000_N1680000.tif?st=2025-09-30T18%3A57%3A44Z&se=2025-10-01T19%3A42%3A44Z&sp=rl&sv=2025-07-05&sr=c&skoid=9c8ff44a-6a2c-4dfb-b298-1c9212f64d9a&sktid=72f988bf-86f1-41af-91ab-2d7cd011db47&skt=2025-10-01T12%3A59%3A31Z&ske=2025-10-08T12%3A59%3A31Z&sks=b&skv=2025-07-05&sig=lk1Ev5yaSshrjdAGUUWEx3x9ZEUNIn2nvgalPj6%2BwIA%3D,-105.03800322747212,-104.93072190226721,39.69903043963357,39.781853028138705
/vsicurl/https://landcoverdata.blob.core.windows.net/drcog-lulc/2018/DRCOG_2018_LULC_E3130000_N1650000.tif?st=2025-09-30T18%3A57%3A44Z&se=2025-10-01T19%3A42%3A44Z&sp=rl&sv=2025-07-05&sr=c&skoid=9c8ff44a-6a2c-4dfb-b298-1c9212f64d9a&sktid=72f988bf-86f1-41af-91ab-2d7cd011db47&skt=2025-10-01T12%3A59%3A31Z&ske=2025-10-08T12%3A59%3A31Z&sks=b&skv=2025-07-05&sig=lk1Ev5yaSshrjdAGUUWEx3x9ZEUNIn2nvgalPj6%2BwIA%3D,-105.03854446270081,-104.9313898210913,39.61667304852481,39.699497413496616
/vsicurl/https://landcoverdata.blob.core.windows.net/drcog-lulc/2018/DRCOG_2018_LULC_E3100000_N1710000.tif?st=2025-09-30T18%3A57%3A44Z&se=2025-10-01T19%3A42%3A44Z&sp=rl&sv=2025-07-05&sr=c&skoid=9c8ff44a-6a2c-4dfb-b298-1c9212f64d9a&sktid=72f988bf-86f1-41af-91ab-2d7cd011db47&skt=2025-10-01T12%3A59%3A31Z&ske=2025-10-08T12%3A59%3A31Z&sks=b&skv=2025-07-05&sig=lk1Ev5yaSshrjdAGUUWEx3x9ZEUNIn2nvgalPj6%2BwIA%3D,-105.14420073389391,-105.03691677244376,39.781853028138705,39.86457746736308
/vsicurl/https://landcoverdata.blob.core.windows.net/drcog-lulc/2018/DRCOG_2018_LULC_E3100000_N1680000.tif?st=2025-09-30T18%3A57%3A44Z&se=2025-10-01T19%3A42%3A44Z&sp=rl&sv=2025-07-05&sr=c&skoid=9c8ff44a-6a2c-4dfb-b298-1c9212f64d9a&sktid=72f988bf-86f1-41af-91ab-2d7cd011db47&skt=2025-10-01T12%3A59%3A31Z&ske=2025-10-08T12%3A59%3A31Z&sks=b&skv=2025-07-05&sig=lk1Ev5yaSshrjdAGUUWEx3x9ZEUNIn2nvgalPj6%2BwIA%3D,-105.14461797302432,-105.03746067464014,39.699497413496616,39.78222381322045
/vsicurl/https://landcoverdata.blob.core.windows.net/drcog-lulc/2018/DRCOG_2018_LULC_E3100000_N1650000.tif?st=2025-09-30T18%3A57%3A44Z&se=2025-10-01T19%3A42%3A44Z&sp=rl&sv=2025-07-05&sr=c&skoid=9c8ff44a-6a2c-4dfb-b298-1c9212f64d9a&sktid=72f988bf-86f1-41af-91ab-2d7cd011db47&skt=2025-10-01T12%3A59%3A31Z&ske=2025-10-08T12%3A59%3A31Z&sks=b&skv=2025-07-05&sig=lk1Ev5yaSshrjdAGUUWEx3x9ZEUNIn2nvgalPj6%2BwIA%3D,-105.14503423829593,-105.03800322747212,39.61713950743067,39.699867790762944
/vsicurl/https://landcoverdata.blob.core.windows.net/drcog-lulc/2018/DRCOG_2018_LULC_E3100000_N1620000.tif?st=2025-09-30T18%3A57%3A44Z&se=2025-10-01T19%3A42%3A44Z&sp=rl&sv=2025-07-05&sr=c&skoid=9c8ff44a-6a2c-4dfb-b298-1c9212f64d9a&sktid=72f988bf-86f1-41af-91ab-2d7cd011db47&skt=2025-10-01T12%3A59%3A31Z&ske=2025-10-08T12%3A59%3A31Z&sks=b&skv=2025-07-05&sig=lk1Ev5yaSshrjdAGUUWEx3x9ZEUNIn2nvgalPj6%2BwIA%3D,-105.1454495280715,-105.03854446270081,39.53477936204166,39.61750949532128
